publish_date	length_s	cluster	video_id	url	title
2021-01-07	383	c5-psychology	WcJPba8TH4k	https://www.youtube.com/watch?v=WcJPba8TH4k	STOP TRADING UNTIL YOU UNDERSTAND THIS!
2022-03-04	323	c2-regime-macro	dYszKKifkCY	https://www.youtube.com/watch?v=dYszKKifkCY	My thoughts on Bitcoin - Fear of Chop.
2022-04-11	310	c5-psychology	idw74oD1pS0	https://www.youtube.com/watch?v=idw74oD1pS0	Winner's Mentality & Applying it to Bitcoin
2022-04-20	712	c1-structure-trend	3Tx0pCBcILY	https://www.youtube.com/watch?v=3Tx0pCBcILY	Why Price Action is a Snowball | Bitcoin Analysis
2022-05-07	625	c2-regime-macro	_FXwBf5s1r0	https://www.youtube.com/watch?v=_FXwBf5s1r0	How I Predicted This Bitcoin Drop! | What To Look For From Here? |
2022-05-09	1134	c5-psychology	Nh0hc1J7xk8	https://www.youtube.com/watch?v=Nh0hc1J7xk8	Winners vs. Losers in Markets | My Thoughts On Bitcoin |
2022-05-14	696	c5-psychology	gN8-dySfgWc	https://www.youtube.com/watch?v=gN8-dySfgWc	Staying Unbiased in Markets | How I Negate Emotions |
2022-05-20	1009	c2-regime-macro	cyTTy9OncjU	https://www.youtube.com/watch?v=cyTTy9OncjU	How I'm Trading Bitcoin From Here | Tying In What We've Learned |
2022-05-25	1225	c2-regime-macro	yZhUs2picXU	https://www.youtube.com/watch?v=yZhUs2picXU	Understanding Transition Phases in Markets | Bitcoin Analysis |
2022-06-01	1272	c2-regime-macro	FDUlrmXFCrU	https://www.youtube.com/watch?v=FDUlrmXFCrU	Speculation vs. Interpretation in Markets | Trend Trading For Bitcoin |
2022-06-09	695	c5-psychology	TEYiqDpI7GU	https://www.youtube.com/watch?v=TEYiqDpI7GU	How I'm Never Wrong | Bitcoin Price Action |
2022-06-19	663	c5-psychology	abRRK8dE3-g	https://www.youtube.com/watch?v=abRRK8dE3-g	Developing An Appreciation For Markets | Bitcoin Analysis |
2022-06-26	1421	c5-psychology	SQ9BX-NcVKo	https://www.youtube.com/watch?v=SQ9BX-NcVKo	The Paradox of Emotional Attribution | Bitcoin Market Sentiment |
2022-07-04	1025	c1-structure-trend	tB8bNu3hcAk	https://www.youtube.com/watch?v=tB8bNu3hcAk	Scaling Assumptions | BTC Analysis |
2022-07-11	1523	c1-structure-trend	jTjEuAOSVE4	https://www.youtube.com/watch?v=jTjEuAOSVE4	Explaining My System | How I adapt to the Market |
2022-07-19	719	c5-psychology	axqsxGhqxZc	https://www.youtube.com/watch?v=axqsxGhqxZc	A Domino Effect Of Bad Decisions | Trading Bitcoin |
2022-07-25	760	c2-regime-macro	xDJHChnN2sc	https://www.youtube.com/watch?v=xDJHChnN2sc	Fear of February | Bitcoin Analysis |
2022-08-12	962	c1-structure-trend	lenDJTnD978	https://www.youtube.com/watch?v=lenDJTnD978	The Beauty of Simplicity | Bitcoin & Ethereum Analysis |
2022-08-26	1433	c4-cycle-investing	K88k0VqHXCk	https://www.youtube.com/watch?v=K88k0VqHXCk	Technical Analysis vs. Fundamentals | Attributing Narratives | Ft. Smiley
2022-09-08	2262	c5-psychology	QAUmbLF-0yE	https://www.youtube.com/watch?v=QAUmbLF-0yE	Market Therapy | ETH Merge Discussion | Ft. Smiley
2022-09-21	565	c1-structure-trend	-p67RrcRPxw	https://www.youtube.com/watch?v=-p67RrcRPxw	Isolating Timeframes | Bitcoin Analysis | Pre-FOMC
2022-09-23	222	c2-regime-macro	GTWIyk5I5Qs	https://www.youtube.com/watch?v=GTWIyk5I5Qs	Developing Fair Value | The Repricing of Bitcoin |
2022-09-29	838	c2-regime-macro	KqEv4Os4BPU	https://www.youtube.com/watch?v=KqEv4Os4BPU	Speculation | Assessing Relative Strength on Bitcoin | Is This Time Different? |
2022-10-13	1609	c2-regime-macro	oINjcMK8-bU	https://www.youtube.com/watch?v=oINjcMK8-bU	Adapting to BTC During Uncertainty | Acknowledging Recency Bias |
2022-10-18	1013	c1-structure-trend	DOPhUUxzxsg	https://www.youtube.com/watch?v=DOPhUUxzxsg	My 4-Second Rule | Simple Concepts That Drastically Increase Profitability |
2022-11-10	808	c3-risk-execution	Y8eq314ENCM	https://www.youtube.com/watch?v=Y8eq314ENCM	Why Was Leverage Created? | Mitigating & Managing Risk |
2022-11-18	911	c6-alt-watchlist-a	z1CP2ztskS4	https://www.youtube.com/watch?v=z1CP2ztskS4	Mercury's Altcoin Watchlist | 11-18-2022 | Week 5 |
2022-11-25	1317	c6-alt-watchlist-a	l61kW6fUZbo	https://www.youtube.com/watch?v=l61kW6fUZbo	Merc's Altcoin Watchlist | Week 6 |
2022-12-02	1238	c6-alt-watchlist-a	wkGPYGktx9E	https://www.youtube.com/watch?v=wkGPYGktx9E	Merc's Altcoin Watchlist | Week 7 |
2022-12-09	964	c6-alt-watchlist-a	cr239ObsKEc	https://www.youtube.com/watch?v=cr239ObsKEc	Merc's Altcoin Watchlist | Week 8 |
2022-12-16	1140	c6-alt-watchlist-a	NpqDKKC8uIU	https://www.youtube.com/watch?v=NpqDKKC8uIU	Merc's Altcoin Watchlist | Week 9 |
2022-12-20	1215	c3-risk-execution	hrAJSvSfVto	https://www.youtube.com/watch?v=hrAJSvSfVto	Risk Reward + Probabilities | What It Means To Be A Trader |
2023-01-06	1727	c6-alt-watchlist-a	wYKIEw9WIf0	https://www.youtube.com/watch?v=wYKIEw9WIf0	Merc's Altcoin Watchlist | Week 10 | Market Context |
2023-01-13	1515	c6-alt-watchlist-a	jdnNtLfybVc	https://www.youtube.com/watch?v=jdnNtLfybVc	Merc's Altcoin Watchlist | Week 11 | Rising Tides |
2023-01-15	1596	c4-cycle-investing	Zyp41dIBWYo	https://www.youtube.com/watch?v=Zyp41dIBWYo	How I Was Bearish At The Bottom & Still Outtraded You | BTC Analysis |
2023-01-27	1464	c7-alt-watchlist-b	xMKSiNaT5BI	https://www.youtube.com/watch?v=xMKSiNaT5BI	Merc's Altcoin Watchlist | Week 13* | Trend Tradooor |
2023-02-03	1589	c7-alt-watchlist-b	I8yIaDK6he8	https://www.youtube.com/watch?v=I8yIaDK6he8	Merc's Altcoin Watchlist | Week 14 | Number Go Up |
2023-02-04	1436	c3-risk-execution	1xyYRdB2i5I	https://www.youtube.com/watch?v=1xyYRdB2i5I	The Art of Taking Profit | Pt. 1
2023-02-17	1285	c7-alt-watchlist-b	xdHKDBoD0as	https://www.youtube.com/watch?v=xdHKDBoD0as	Merc's Altcoin Watchlist | Week 15 | Hot Potato |
2023-02-24	1132	c7-alt-watchlist-b	K4RLjOvY0iM	https://www.youtube.com/watch?v=K4RLjOvY0iM	Merc's Altcoin Watchlist | Week 16 | Buy The Dip? |
2023-03-04	869	c7-alt-watchlist-b	WxoJ48swiC0	https://www.youtube.com/watch?v=WxoJ48swiC0	Top Altcoins To Watch This Week! | Week 17 |
2023-03-17	985	c7-alt-watchlist-b	TvH1N4LCVvU	https://www.youtube.com/watch?v=TvH1N4LCVvU	Top 5 Altcoins to Watch This Week! | Merc's Watchlist |
2023-03-24	1498	c7-alt-watchlist-b	s0ZjcdHp0eA	https://www.youtube.com/watch?v=s0ZjcdHp0eA	Top 5 Altcoins to Watch This Week + Full Bitcoin Analysis | Merc's Watchlist |
2023-03-28	1534	c8-recovered	mxH2hCsoYj4	https://www.youtube.com/watch?v=mxH2hCsoYj4	The Level To Watch For Bitcoin! Bull Market Or Macro Top?
2023-03-31	1347	c7-alt-watchlist-b	LjNOWfW2rd4	https://www.youtube.com/watch?v=LjNOWfW2rd4	Best Altcoins To Trade This Week | Merc's Watchlist |
2023-04-01	2316	c5-psychology	Hg6qyqy1yeE	https://www.youtube.com/watch?v=Hg6qyqy1yeE	The Greatest Superpower in Markets | How to Trade Bitcoin |
2023-04-13	1844	c5-psychology	m3UWRnVd9zk	https://www.youtube.com/watch?v=m3UWRnVd9zk	Mercury's Market Therapy | Confidence In Trends |
2023-05-05	1696	c2-regime-macro	O_hvWBgai2Y	https://www.youtube.com/watch?v=O_hvWBgai2Y	Rational Thinking In Irrational Markets | Identifying Trends |
2023-06-04	680	c3-risk-execution	qAohWbUZC5A	https://www.youtube.com/watch?v=qAohWbUZC5A	How to MAXIMIZE PROFIT in Markets | Developing Conviction |
2023-06-17	339	c2-regime-macro	kZmJK-oji7k	https://www.youtube.com/watch?v=kZmJK-oji7k	BTC Lagging!? | Full Bitcoin Technical Analysis |
2023-06-28	1147	c3-risk-execution	GaWUXOZyObQ	https://www.youtube.com/watch?v=GaWUXOZyObQ	Stop Giving Back PROFIT to The Market!!
2023-09-26	650	c1-structure-trend	62K-hRKoR1M	https://www.youtube.com/watch?v=62K-hRKoR1M	How to Properly Analyze Charts for Trading!
2023-10-21	930	c5-psychology	TFJvx2ak5Q4	https://www.youtube.com/watch?v=TFJvx2ak5Q4	Stop Making This Mistake Trading Bitcoin!!!
2023-11-10	608	c8-recovered	fbuCcypJvyE	https://www.youtube.com/watch?v=fbuCcypJvyE	How to KEEP Your Profit From the BULL MARKET!
2024-02-13	912	c3-risk-execution	_gcfGyFBsRg	https://www.youtube.com/watch?v=_gcfGyFBsRg	Mastering Stop Loss Placements for Trading
2024-02-27	242	c6-alt-watchlist-a	0l_d5qJdqew	https://www.youtube.com/watch?v=0l_d5qJdqew	Scanning the Altcoin Market for Trend Reclaims
2024-03-07	1623	c4-cycle-investing	xezwe9qNUh8	https://www.youtube.com/watch?v=xezwe9qNUh8	HOW YOU CAN RETIRE THIS CYCLE
2024-03-22	897	c4-cycle-investing	63RNxrWtnak	https://www.youtube.com/watch?v=63RNxrWtnak	What NOT To Do In a Crypto BULL MARKET
2024-03-31	1656	c3-risk-execution	nTtIs4bY8yI	https://www.youtube.com/watch?v=nTtIs4bY8yI	How to Manage Trades Like a PRO
2024-04-08	1994	c1-structure-trend	SwRS7fcS3IE	https://www.youtube.com/watch?v=SwRS7fcS3IE	The BEST Strategy for Trading Crypto
2024-04-15	1107	c1-structure-trend	7rKp9wOFeqg	https://www.youtube.com/watch?v=7rKp9wOFeqg	The BEST Trading Patterns for Beginners
2024-04-17	1181	c2-regime-macro	RDkW4RKKFNs	https://www.youtube.com/watch?v=RDkW4RKKFNs	Is Bitcoin Entering a BEAR MARKET?!
2024-05-05	1570	c4-cycle-investing	Y-MBePZlxNA	https://www.youtube.com/watch?v=Y-MBePZlxNA	Mastering the Art of Bottom Buying in Crypto!
2024-05-11	1245	c5-psychology	b-k0cMLvWUY	https://www.youtube.com/watch?v=b-k0cMLvWUY	Top 5 Tips for New Crypto Traders!
2025-08-05	1091	c4-cycle-investing	6lnH1l3O17Q	https://www.youtube.com/watch?v=6lnH1l3O17Q	The Art of Doing Nothing
2025-09-18	994	c3-risk-execution	XQi8qNvrAEA	https://www.youtube.com/watch?v=XQi8qNvrAEA	The Anatomy of a High-Conviction Trade
2026-09-29	1648	c1-structure-trend	pUflMCUpVuo	https://www.youtube.com/watch?v=pUflMCUpVuo	The Foundation of Trading
